﻿<?xml version="1.0" encoding="utf-8"?>
<XnaContent xmlns:Framework="Microsoft.Xna.Framework">
  <Asset Type="GameComponents.SceneDefinition">
	<Cameras>
	  <Item>
		<Type>FirstPerson</Type>
		<Info Type="Framework:Vector3">0 0 -1</Info>
	  </Item>
	  <Item>
		<Type>ThirdPerson</Type>
		<Info Type="float">20.0</Info>
	  </Item>
	</Cameras>
	<Game>
	  <BackgroundColor>FF000000</BackgroundColor>
	</Game>
	<NDModels>
	  <Item>
		<Name>bunkerfloor</Name>
		<AssetPath>DavidMurphey/bunker/floor/dirtFloor.v01</AssetPath>
		<NormalPath>DavidMurphey/bunker/floor/dirtfloor.color</NormalPath>
		<ColorPath>DavidMurphey/bunker/floor/dirtfloor.color</ColorPath>
		<Instances>2 0 0 0 0 2 0 0 0 0 2 0 2 3.5 2 1</Instances>
		<DrawOrderSuggestion>2</DrawOrderSuggestion>
	  </Item>
	  <Item>
		<Name>woodBoxBig</Name>
		<AssetPath>DavidMurphey/boxes/woodBox</AssetPath>
		<NormalPath>DavidMurphey/boxes/woodenBox.UV</NormalPath>
		<ColorPath>DavidMurphey/boxes/woodenBox.Color</ColorPath>
		<Instances>1.7551651 0 0.9588511 0 0 2 0 0 -0.9588511 0 1.7551651 0 -7 -0.5 -1 1</Instances>
		<DrawOrderSuggestion Null="true" />
	  </Item>
	  <Item>
		<Name>WallStairs</Name>
		<AssetPath>DavidMurphey/bunker/wall/wallsStairs</AssetPath>
		<NormalPath>DavidMurphey/bunker/wall/dirtwalls</NormalPath>
		<ColorPath>DavidMurphey/bunker/wall/dirtwalls</ColorPath>
		<Instances>2 0 0 0 0 2 0 0 0 0 2 0 0 -1.75 6 1</Instances>
		<DrawOrderSuggestion>1</DrawOrderSuggestion>
	  </Item>
	  <!--<Item>
		<Name>Wall</Name>
		<AssetPath>DavidMurphey/bunker/wall/wallsWarRoom</AssetPath>
		<NormalPath>DavidMurphey/bunker/wall/dirtwalls</NormalPath>
		<ColorPath>DavidMurphey/bunker/wall/dirtwalls</ColorPath>
		<Instances>2 0 0 0 0 2 0 0 0 0 2 0 0 2.75 6 1 2 0 0 0 0 2 0 0 0 0 2 0 0 5.75 6 1 2 0 0 0 0 2 0 0 0 0 2 0 0 9.75 6 1</Instances>
		<DrawOrderSuggestion>1</DrawOrderSuggestion>
	  </Item>-->
	  <!--<Item>
		<Name>Stairs</Name>
		<AssetPath>DavidMurphey/stairs/woodStairs</AssetPath>
		<NormalPath>DavidMurphey/common/WoodRough0110_1_M</NormalPath>
		<ColorPath>DavidMurphey/common/WoodRough0110_1_M</ColorPath>
		<Instances>2 0 0 0 0 2 0 0 0 0 2 0 0 -2 6.5 1</Instances>
		<DrawOrderSuggestion>0</DrawOrderSuggestion>
	  </Item>-->
	  <Item>
		<Name>smallBox</Name>
		<AssetPath>DavidMurphey/boxes/smallWoodBox</AssetPath>
		<NormalPath>DavidMurphey/common/WoodPlanksBeamed0017_2_M</NormalPath>
		<ColorPath>DavidMurphey/common/WoodPlanksBeamed0017_2_M</ColorPath>
		<Instances>2 0 0 0 0 2 0 0 0 0 2 0 4 -1 4 1</Instances>
		<DrawOrderSuggestion Null="true" />
	  </Item>
	  <Item>
		<Name>tableTop</Name>
		<AssetPath>DavidMurphey/table/TableTop.-2.412!2.643!-4.389</AssetPath>
		<NormalPath>DavidMurphey/table/maptable.uv</NormalPath>
		<ColorPath>DavidMurphey/table/maptableColor</ColorPath>
		<Instances>2 0 0 0 0 2 0 0 0 0 2 0 -2.412 2.13 -4.389 1</Instances>
		<DrawOrderSuggestion Null="true" />
	  </Item>
	  <Item>
		<Name>tableLeg</Name>
		<AssetPath>DavidMurphey/table/woodleg</AssetPath>
		<NormalPath>DavidMurphey/common/WoodRough0110_1_M</NormalPath>
		<ColorPath>DavidMurphey/common/WoodPlanksBeamed0017_2_M</ColorPath>
		<Instances>2 0 0 0 0 2 0 0 0 0 2 0 -5.392 0.697 -6.813 1 2 0 0 0 0 2 0 0 0 0 2 0 0.179999948 0.697 -1.005 1 2 0 0 0 0 2 0 0 0 0 2 0 0.179999948 0.697 -6.813 1 2 0 0 0 0 2 0 0 0 0 2 0 -5.392 0.697 -1.005 1</Instances>
		<DrawOrderSuggestion>3</DrawOrderSuggestion>
	  </Item>
	</NDModels>
	<Particles>
	  <CampFirePosition>5.9 -1 -5.5</CampFirePosition>
	  <CampFireRadius>3</CampFireRadius>
	  <LightRadius>0.5</LightRadius>
	</Particles>
	<Player>
	  <Position>-5.5 0 13.5</Position>
	</Player>
  </Asset>
</XnaContent>